"No.","Time","Source","Destination","Protocol","Length","Info"
"792","7.943025","8.8.8.8","192.168.38.104","DNS","166","Standard query response 0x76aa No such name A lDqoR16q.reddshrimpandherring.com SOA a.gtld-servers.net"
"798","8.049550","8.8.8.8","192.168.38.104","DNS","166","Standard query response 0xc847 No such name A 1Th0dQuT.reddshrimpandherring.com SOA a.gtld-servers.net"
"804","8.142293","8.8.8.8","192.168.38.104","DNS","166","Standard query response 0x4249 No such name A ysnuBebx.reddshrimpandherring.com SOA a.gtld-servers.net"
"828","8.180638","8.8.8.8","192.168.38.104","DNS","166","Standard query response 0x6a22 No such name A OKm0XI7q.reddshrimpandherring.com SOA a.gtld-servers.net"
"972","8.226558","8.8.8.8","192.168.38.104","DNS","166","Standard query response 0xda95 No such name A j/RVIHi2.reddshrimpandherring.com SOA a.gtld-servers.net"
"1095","8.260649","8.8.8.8","192.168.38.104","DNS","166","Standard query response 0x483a No such name A d+KVXhMV.reddshrimpandherring.com SOA a.gtld-servers.net"
"1311","8.326523","8.8.8.8","192.168.38.104","DNS","166","Standard query response 0x2a2a No such name A ky0+eTqU.reddshrimpandherring.com SOA a.gtld-servers.net"
"1440","8.362689","8.8.8.8","192.168.38.104","DNS","166","Standard query response 0x35a3 No such name A poybMrsl.reddshrimpandherring.com SOA a.gtld-servers.net"
"1524","8.429794","8.8.8.8","192.168.38.104","DNS","166","Standard query response 0x5a3d No such name A jK2eAyOi.reddshrimpandherring.com SOA a.gtld-servers.net"
"1530","8.473406","8.8.8.8","192.168.38.104","DNS","166","Standard query response 0x0c17 No such name A 48b4iU01.reddshrimpandherring.com SOA a.gtld-servers.net"
"1536","8.509538","8.8.8.8","192.168.38.104","DNS","166","Standard query response 0x6d73 No such name A FvJnCBT8.reddshrimpandherring.com SOA a.gtld-servers.net"
"1546","8.577711","8.8.8.8","192.168.38.104","DNS","166","Standard query response 0xcbc7 No such name A km29WP3g.reddshrimpandherring.com SOA a.gtld-servers.net"
"1557","8.622628","8.8.8.8","192.168.38.104","DNS","166","Standard query response 0x6a81 No such name A /3Dz6rCU.reddshrimpandherring.com SOA a.gtld-servers.net"
"1564","8.718587","8.8.8.8","192.168.38.104","DNS","166","Standard query response 0x4484 No such name A di8sCDPv.reddshrimpandherring.com SOA a.gtld-servers.net"
"1570","8.812615","8.8.8.8","192.168.38.104","DNS","166","Standard query response 0x06f8 No such name A b38U91ep.reddshrimpandherring.com SOA a.gtld-servers.net"
"1576","8.879722","8.8.8.8","192.168.38.104","DNS","166","Standard query response 0xe44d No such name A 2DA0w7Jt.reddshrimpandherring.com SOA a.gtld-servers.net"
"1582","8.951344","8.8.8.8","192.168.38.104","DNS","166","Standard query response 0x5eb2 No such name A FZYl6dCA.reddshrimpandherring.com SOA a.gtld-servers.net"
"1588","9.018320","8.8.8.8","192.168.38.104","DNS","166","Standard query response 0xb094 No such name A BoORWyDu.reddshrimpandherring.com SOA a.gtld-servers.net"
"1594","9.055728","8.8.8.8","192.168.38.104","DNS","166","Standard query response 0x03f1 No such name A MVsbj1/d.reddshrimpandherring.com SOA a.gtld-servers.net"
"1600","9.147148","8.8.8.8","192.168.38.104","DNS","166","Standard query response 0xd2d4 No such name A UWrgyXWr.reddshrimpandherring.com SOA a.gtld-servers.net"
"1606","9.199964","8.8.8.8","192.168.38.104","DNS","166","Standard query response 0xccfe No such name A 9NzCwWxd.reddshrimpandherring.com SOA a.gtld-servers.net"
"1614","9.236640","8.8.8.8","192.168.38.104","DNS","166","Standard query response 0x233e No such name A m/TqO+IW.reddshrimpandherring.com SOA a.gtld-servers.net"
"1627","9.306399","8.8.8.8","192.168.38.104","DNS","166","Standard query response 0x7487 No such name A o2ZJtOyF.reddshrimpandherring.com SOA a.gtld-servers.net"
"1634","9.388061","18.217.1.57","192.168.38.104","DNS","166","Standard query response 0xdf26 No such name A cGljb0NU.reddshrimpandherring.com SOA a.gtld-servers.net"
"1640","9.506471","8.8.8.8","192.168.38.104","DNS","166","Standard query response 0x8872 No such name A um0kpvjf.reddshrimpandherring.com SOA a.gtld-servers.net"
"1646","9.540788","8.8.8.8","192.168.38.104","DNS","166","Standard query response 0xa098 No such name A Sox37h19.reddshrimpandherring.com SOA a.gtld-servers.net"
"1652","9.576027","8.8.8.8","192.168.38.104","DNS","166","Standard query response 0xc4ac No such name A Z5hJZHyn.reddshrimpandherring.com SOA a.gtld-servers.net"
"1658","9.611312","8.8.8.8","192.168.38.104","DNS","166","Standard query response 0xacc9 No such name A nlF4PBzk.reddshrimpandherring.com SOA a.gtld-servers.net"
"1664","9.649804","8.8.8.8","192.168.38.104","DNS","166","Standard query response 0xe2e4 No such name A h+CXa09t.reddshrimpandherring.com SOA a.gtld-servers.net"
"1670","9.685543","8.8.8.8","192.168.38.104","DNS","166","Standard query response 0xd80a No such name A tbK/uIWB.reddshrimpandherring.com SOA a.gtld-servers.net"
"1678","9.752970","8.8.8.8","192.168.38.104","DNS","166","Standard query response 0x3d13 No such name A 2a3XH03l.reddshrimpandherring.com SOA a.gtld-servers.net"
"1691","9.824205","8.8.8.8","192.168.38.104","DNS","166","Standard query response 0xa010 No such name A J0AWOs3w.reddshrimpandherring.com SOA a.gtld-servers.net"
"1698","9.918876","8.8.8.8","192.168.38.104","DNS","166","Standard query response 0xd2b1 No such name A FIAowc1g.reddshrimpandherring.com SOA a.gtld-servers.net"
"1704","9.952358","8.8.8.8","192.168.38.104","DNS","166","Standard query response 0x0036 No such name A drwIRfot.reddshrimpandherring.com SOA a.gtld-servers.net"
"1710","9.998665","8.8.8.8","192.168.38.104","DNS","166","Standard query response 0xb3c4 No such name A ZjLL+DYc.reddshrimpandherring.com SOA a.gtld-servers.net"
"1730","10.067262","8.8.8.8","192.168.38.104","DNS","166","Standard query response 0xc8cd No such name A kXD4OIb9.reddshrimpandherring.com SOA a.gtld-servers.net"
"1743","10.134677","8.8.8.8","192.168.38.104","DNS","166","Standard query response 0xc679 No such name A h81LA4Xw.reddshrimpandherring.com SOA a.gtld-servers.net"
"1750","10.205148","8.8.8.8","192.168.38.104","DNS","166","Standard query response 0x37b7 No such name A nT95IG26.reddshrimpandherring.com SOA a.gtld-servers.net"
"1756","10.240990","8.8.8.8","192.168.38.104","DNS","166","Standard query response 0xfd89 No such name A BySoFVNP.reddshrimpandherring.com SOA a.gtld-servers.net"
"1764","10.289434","8.8.8.8","192.168.38.104","DNS","166","Standard query response 0x4c4f No such name A kqOgISqa.reddshrimpandherring.com SOA a.gtld-servers.net"
"1777","10.325242","8.8.8.8","192.168.38.104","DNS","166","Standard query response 0xa0cf No such name A YuvBSCsM.reddshrimpandherring.com SOA a.gtld-servers.net"
"1784","10.361123","8.8.8.8","192.168.38.104","DNS","166","Standard query response 0xd466 No such name A bq7AocPI.reddshrimpandherring.com SOA a.gtld-servers.net"
"1790","10.399283","8.8.8.8","192.168.38.104","DNS","166","Standard query response 0xbe8b No such name A JSAAt3gF.reddshrimpandherring.com SOA a.gtld-servers.net"
"1796","10.432953","8.8.8.8","192.168.38.104","DNS","166","Standard query response 0xf676 No such name A x5HUgibz.reddshrimpandherring.com SOA a.gtld-servers.net"
"1802","10.503341","8.8.8.8","192.168.38.104","DNS","166","Standard query response 0xb1f6 No such name A OsGF7kWB.reddshrimpandherring.com SOA a.gtld-servers.net"
"1808","10.569565","8.8.8.8","192.168.38.104","DNS","166","Standard query response 0x6acc No such name A K99ppjF/.reddshrimpandherring.com SOA a.gtld-servers.net"
"1814","10.606683","8.8.8.8","192.168.38.104","DNS","166","Standard query response 0xfe4b No such name A jTyNCNhU.reddshrimpandherring.com SOA a.gtld-servers.net"
"1869","10.702212","8.8.8.8","192.168.38.104","DNS","166","Standard query response 0x791f No such name A cWVizacs.reddshrimpandherring.com SOA a.gtld-servers.net"
"1895","10.751606","8.8.8.8","192.168.38.104","DNS","166","Standard query response 0xbef2 No such name A K4DhGAWE.reddshrimpandherring.com SOA a.gtld-servers.net"
"1908","10.819939","8.8.8.8","192.168.38.104","DNS","166","Standard query response 0xcc97 No such name A uAY+tVE7.reddshrimpandherring.com SOA a.gtld-servers.net"
"1915","10.854894","8.8.8.8","192.168.38.104","DNS","166","Standard query response 0x6370 No such name A 60aidRgy.reddshrimpandherring.com SOA a.gtld-servers.net"
"1921","10.896649","8.8.8.8","192.168.38.104","DNS","166","Standard query response 0xe02d No such name A nBt3Mokk.reddshrimpandherring.com SOA a.gtld-servers.net"
"1927","10.990830","8.8.8.8","192.168.38.104","DNS","166","Standard query response 0x7b04 No such name A 30d1RFWu.reddshrimpandherring.com SOA a.gtld-servers.net"
"1933","11.062494","8.8.8.8","192.168.38.104","DNS","166","Standard query response 0xc695 No such name A +9eXNk0X.reddshrimpandherring.com SOA a.gtld-servers.net"
"1939","11.127447","8.8.8.8","192.168.38.104","DNS","166","Standard query response 0x23db No such name A TI2DYRO/.reddshrimpandherring.com SOA a.gtld-servers.net"
"1945","11.161179","8.8.8.8","192.168.38.104","DNS","166","Standard query response 0x4731 No such name A 9MjYzoLj.reddshrimpandherring.com SOA a.gtld-servers.net"
"1953","11.265768","8.8.8.8","192.168.38.104","DNS","166","Standard query response 0x4435 No such name A Z+BtbAta.reddshrimpandherring.com SOA a.gtld-servers.net"
"1966","11.310419","8.8.8.8","192.168.38.104","DNS","166","Standard query response 0xd8b3 No such name A YkmRh2nr.reddshrimpandherring.com SOA a.gtld-servers.net"
"1973","11.345043","8.8.8.8","192.168.38.104","DNS","166","Standard query response 0x487b No such name A OTPSYXkE.reddshrimpandherring.com SOA a.gtld-servers.net"
"1985","11.400733","8.8.8.8","192.168.38.104","DNS","166","Standard query response 0x44c8 No such name A uXvd48AT.reddshrimpandherring.com SOA a.gtld-servers.net"
"1991","11.444101","8.8.8.8","192.168.38.104","DNS","166","Standard query response 0x9c4d No such name A /PNsKWtj.reddshrimpandherring.com SOA a.gtld-servers.net"
"1997","11.511134","8.8.8.8","192.168.38.104","DNS","166","Standard query response 0xa857 No such name A tFSfHl/9.reddshrimpandherring.com SOA a.gtld-servers.net"
"2003","11.578726","8.8.8.8","192.168.38.104","DNS","166","Standard query response 0x62cb No such name A 5HyMGCS6.reddshrimpandherring.com SOA a.gtld-servers.net"
"2009","11.643451","8.8.8.8","192.168.38.104","DNS","166","Standard query response 0x40f8 No such name A 1FjuRiR8.reddshrimpandherring.com SOA a.gtld-servers.net"
"2017","11.708002","8.8.8.8","192.168.38.104","DNS","166","Standard query response 0x523f No such name A jVZNhQOT.reddshrimpandherring.com SOA a.gtld-servers.net"
"2030","11.775329","8.8.8.8","192.168.38.104","DNS","166","Standard query response 0x7beb No such name A ZtxW+iuv.reddshrimpandherring.com SOA a.gtld-servers.net"
"2037","11.846077","8.8.8.8","192.168.38.104","DNS","166","Standard query response 0x9b29 No such name A UWyNwFJZ.reddshrimpandherring.com SOA a.gtld-servers.net"
"2043","11.921106","18.217.1.57","192.168.38.104","DNS","166","Standard query response 0x3a30 No such name A RntkbnNf.reddshrimpandherring.com SOA a.gtld-servers.net"
"2049","12.033860","8.8.8.8","192.168.38.104","DNS","166","Standard query response 0xcc58 No such name A MBJKiAFX.reddshrimpandherring.com SOA a.gtld-servers.net"
"2055","12.100136","8.8.8.8","192.168.38.104","DNS","166","Standard query response 0xef9b No such name A ZLRLdSKq.reddshrimpandherring.com SOA a.gtld-servers.net"
"2071","12.212527","8.8.8.8","192.168.38.104","DNS","166","Standard query response 0xa047 No such name A ++FVriJb.reddshrimpandherring.com SOA a.gtld-servers.net"
"2077","12.277691","8.8.8.8","192.168.38.104","DNS","166","Standard query response 0xfcfc No such name A S8mxGlhF.reddshrimpandherring.com SOA a.gtld-servers.net"
"2083","12.314249","8.8.8.8","192.168.38.104","DNS","166","Standard query response 0x5741 No such name A 7cNUr26D.reddshrimpandherring.com SOA a.gtld-servers.net"
"2089","12.349286","8.8.8.8","192.168.38.104","DNS","166","Standard query response 0x3720 No such name A mC90A9B0.reddshrimpandherring.com SOA a.gtld-servers.net"
"2095","12.413993","8.8.8.8","192.168.38.104","DNS","166","Standard query response 0x5731 No such name A a3P9pD4z.reddshrimpandherring.com SOA a.gtld-servers.net"
"2163","12.486314","8.8.8.8","192.168.38.104","DNS","166","Standard query response 0x6a8b No such name A mq6ivImu.reddshrimpandherring.com SOA a.gtld-servers.net"
"2169","12.520748","8.8.8.8","192.168.38.104","DNS","166","Standard query response 0xf772 No such name A ZSdLCe14.reddshrimpandherring.com SOA a.gtld-servers.net"
"2182","12.558630","8.8.8.8","192.168.38.104","DNS","166","Standard query response 0xc495 No such name A fIGPcLax.reddshrimpandherring.com SOA a.gtld-servers.net"
"2189","12.595273","8.8.8.8","192.168.38.104","DNS","166","Standard query response 0x8f9a No such name A 32eplH1b.reddshrimpandherring.com SOA a.gtld-servers.net"
"2195","12.629439","8.8.8.8","192.168.38.104","DNS","166","Standard query response 0xca1d No such name A K7ZFuDrG.reddshrimpandherring.com SOA a.gtld-servers.net"
"2201","12.728061","8.8.8.8","192.168.38.104","DNS","166","Standard query response 0xc1dd No such name A du8XDVin.reddshrimpandherring.com SOA a.gtld-servers.net"
"2207","12.780710","8.8.8.8","192.168.38.104","DNS","166","Standard query response 0x075a No such name A Kj9GKCI/.reddshrimpandherring.com SOA a.gtld-servers.net"
"2213","12.814698","8.8.8.8","192.168.38.104","DNS","166","Standard query response 0x653a No such name A bxl/NUmd.reddshrimpandherring.com SOA a.gtld-servers.net"
"2219","12.858547","8.8.8.8","192.168.38.104","DNS","166","Standard query response 0x02a8 No such name A 5lZkiKa3.reddshrimpandherring.com SOA a.gtld-servers.net"
"2227","12.894825","8.8.8.8","192.168.38.104","DNS","166","Standard query response 0x8cce No such name A tPwzBtD8.reddshrimpandherring.com SOA a.gtld-servers.net"
"2240","12.962992","8.8.8.8","192.168.38.104","DNS","166","Standard query response 0x9adc No such name A dt0idpyB.reddshrimpandherring.com SOA a.gtld-servers.net"
"2247","13.015299","8.8.8.8","192.168.38.104","DNS","166","Standard query response 0x1589 No such name A GY3VancC.reddshrimpandherring.com SOA a.gtld-servers.net"
"2253","13.108215","8.8.8.8","192.168.38.104","DNS","166","Standard query response 0x57e6 No such name A pFnvUGtZ.reddshrimpandherring.com SOA a.gtld-servers.net"
"2259","13.142525","8.8.8.8","192.168.38.104","DNS","166","Standard query response 0x4adc No such name A ttY3YINW.reddshrimpandherring.com SOA a.gtld-servers.net"
"2265","13.186989","8.8.8.8","192.168.38.104","DNS","166","Standard query response 0xdcf8 No such name A gie24mjc.reddshrimpandherring.com SOA a.gtld-servers.net"
"2271","13.234025","8.8.8.8","192.168.38.104","DNS","166","Standard query response 0x3e65 No such name A NEQMIULq.reddshrimpandherring.com SOA a.gtld-servers.net"
"2277","13.269809","8.8.8.8","192.168.38.104","DNS","166","Standard query response 0x4336 No such name A 2fHPxt2H.reddshrimpandherring.com SOA a.gtld-servers.net"
"2292","13.339425","8.8.8.8","192.168.38.104","DNS","166","Standard query response 0x1f6c No such name A +hFPfydr.reddshrimpandherring.com SOA a.gtld-servers.net"
"2299","13.376253","8.8.8.8","192.168.38.104","DNS","166","Standard query response 0x377f No such name A CormfRcj.reddshrimpandherring.com SOA a.gtld-servers.net"
"2307","13.440951","8.8.8.8","192.168.38.104","DNS","166","Standard query response 0xb0b1 No such name A OdUL5++a.reddshrimpandherring.com SOA a.gtld-servers.net"
"2313","13.508731","8.8.8.8","192.168.38.104","DNS","166","Standard query response 0xcd9d No such name A 44ujVBuF.reddshrimpandherring.com SOA a.gtld-servers.net"
"2319","13.542881","8.8.8.8","192.168.38.104","DNS","166","Standard query response 0x1aad No such name A bM+BQ8dN.reddshrimpandherring.com SOA a.gtld-servers.net"
"2325","13.609468","8.8.8.8","192.168.38.104","DNS","166","Standard query response 0x2734 No such name A 8XyIkzP+.reddshrimpandherring.com SOA a.gtld-servers.net"
"2333","13.648084","8.8.8.8","192.168.38.104","DNS","166","Standard query response 0x3f69 No such name A ruXuMxNJ.reddshrimpandherring.com SOA a.gtld-servers.net"
"2339","13.684108","8.8.8.8","192.168.38.104","DNS","166","Standard query response 0xd836 No such name A MjIGXIqy.reddshrimpandherring.com SOA a.gtld-servers.net"
"2353","13.753754","8.8.8.8","192.168.38.104","DNS","166","Standard query response 0x50f6 No such name A 05lusaWy.reddshrimpandherring.com SOA a.gtld-servers.net"
"2359","13.822126","8.8.8.8","192.168.38.104","DNS","166","Standard query response 0x42a1 No such name A IXbbtV+m.reddshrimpandherring.com SOA a.gtld-servers.net"
"2365","13.890659","8.8.8.8","192.168.38.104","DNS","166","Standard query response 0x0a4d No such name A 6tNHEBtX.reddshrimpandherring.com SOA a.gtld-servers.net"
"2371","13.937394","8.8.8.8","192.168.38.104","DNS","166","Standard query response 0x66f7 No such name A LzIOPkPb.reddshrimpandherring.com SOA a.gtld-servers.net"
"2379","14.028094","8.8.8.8","192.168.38.104","DNS","166","Standard query response 0xe998 No such name A gxp8M51b.reddshrimpandherring.com SOA a.gtld-servers.net"
"2391","14.064345","8.8.8.8","192.168.38.104","DNS","166","Standard query response 0x70d3 No such name A +nB4/jzJ.reddshrimpandherring.com SOA a.gtld-servers.net"
"2398","14.099198","8.8.8.8","192.168.38.104","DNS","166","Standard query response 0x462d No such name A uXhVF4ys.reddshrimpandherring.com SOA a.gtld-servers.net"
"2405","14.192140","8.8.8.8","192.168.38.104","DNS","166","Standard query response 0x68e1 No such name A GJlKZrN+.reddshrimpandherring.com SOA a.gtld-servers.net"
"2411","14.244708","8.8.8.8","192.168.38.104","DNS","166","Standard query response 0xa67e No such name A 282DOxFJ.reddshrimpandherring.com SOA a.gtld-servers.net"
"2417","14.314265","8.8.8.8","192.168.38.104","DNS","166","Standard query response 0x1378 No such name A zpt1YuKN.reddshrimpandherring.com SOA a.gtld-servers.net"
"2425","14.383889","8.8.8.8","192.168.38.104","DNS","166","Standard query response 0x73bf No such name A NRsUAHXx.reddshrimpandherring.com SOA a.gtld-servers.net"
"2439","14.477854","8.8.8.8","192.168.38.104","DNS","166","Standard query response 0x8171 No such name A oDIrXLVR.reddshrimpandherring.com SOA a.gtld-servers.net"
"2445","14.553435","18.217.1.57","192.168.38.104","DNS","166","Standard query response 0x531d No such name A M3hmMWxf.reddshrimpandherring.com SOA a.gtld-servers.net"
"2796","14.670078","8.8.8.8","192.168.38.104","DNS","166","Standard query response 0xfd9e No such name A Mk5HboDA.reddshrimpandherring.com SOA a.gtld-servers.net"
"2855","14.708117","8.8.8.8","192.168.38.104","DNS","166","Standard query response 0x0af7 No such name A JX5nT3mx.reddshrimpandherring.com SOA a.gtld-servers.net"
"2867","14.746796","8.8.8.8","192.168.38.104","DNS","166","Standard query response 0x17e9 No such name A Q9yUm/uO.reddshrimpandherring.com SOA a.gtld-servers.net"
"2875","14.826323","8.8.8.8","192.168.38.104","DNS","166","Standard query response 0xb72a No such name A GBsIaOVw.reddshrimpandherring.com SOA a.gtld-servers.net"
"2881","14.872778","8.8.8.8","192.168.38.104","DNS","166","Standard query response 0xdbf8 No such name A udbwL8HA.reddshrimpandherring.com SOA a.gtld-servers.net"
"2887","14.908683","8.8.8.8","192.168.38.104","DNS","166","Standard query response 0x6966 No such name A UtR5YJk0.reddshrimpandherring.com SOA a.gtld-servers.net"
"2893","14.944898","8.8.8.8","192.168.38.104","DNS","166","Standard query response 0x70d2 No such name A hTid4evh.reddshrimpandherring.com SOA a.gtld-servers.net"
"2899","15.010155","8.8.8.8","192.168.38.104","DNS","166","Standard query response 0x2872 No such name A ky4GGyGX.reddshrimpandherring.com SOA a.gtld-servers.net"
"2909","15.077227","8.8.8.8","192.168.38.104","DNS","166","Standard query response 0x0c11 No such name A XJbKd2Gc.reddshrimpandherring.com SOA a.gtld-servers.net"
"2920","15.120423","8.8.8.8","192.168.38.104","DNS","166","Standard query response 0x164c No such name A yHINlfmQ.reddshrimpandherring.com SOA a.gtld-servers.net"
"2927","15.157929","8.8.8.8","192.168.38.104","DNS","166","Standard query response 0xa80b No such name A TerVtBw4.reddshrimpandherring.com SOA a.gtld-servers.net"
"2933","15.202138","8.8.8.8","192.168.38.104","DNS","166","Standard query response 0xc778 No such name A rgiQTZeg.reddshrimpandherring.com SOA a.gtld-servers.net"
"2939","15.238664","8.8.8.8","192.168.38.104","DNS","166","Standard query response 0x0d31 No such name A mqqZKNFc.reddshrimpandherring.com SOA a.gtld-servers.net"
"2945","15.285573","8.8.8.8","192.168.38.104","DNS","166","Standard query response 0x77b2 No such name A hurTYxbn.reddshrimpandherring.com SOA a.gtld-servers.net"
"2953","15.332451","8.8.8.8","192.168.38.104","DNS","166","Standard query response 0x42d2 No such name A M2yc0p/K.reddshrimpandherring.com SOA a.gtld-servers.net"
"2965","15.366541","8.8.8.8","192.168.38.104","DNS","166","Standard query response 0x99d4 No such name A k9hfHtFr.reddshrimpandherring.com SOA a.gtld-servers.net"
"2973","15.436860","8.8.8.8","192.168.38.104","DNS","166","Standard query response 0x960f No such name A 3gEtiL6U.reddshrimpandherring.com SOA a.gtld-servers.net"
"2981","15.481419","8.8.8.8","192.168.38.104","DNS","166","Standard query response 0x10a7 No such name A J+3dTlY7.reddshrimpandherring.com SOA a.gtld-servers.net"
"2994","15.529943","8.8.8.8","192.168.38.104","DNS","166","Standard query response 0xcf9b No such name A WBYd1saM.reddshrimpandherring.com SOA a.gtld-servers.net"
"3001","15.566096","8.8.8.8","192.168.38.104","DNS","166","Standard query response 0x4e64 No such name A UykMEuPb.reddshrimpandherring.com SOA a.gtld-servers.net"
"3009","15.633687","8.8.8.8","192.168.38.104","DNS","166","Standard query response 0x04af No such name A usspm1e3.reddshrimpandherring.com SOA a.gtld-servers.net"
"3015","15.668039","8.8.8.8","192.168.38.104","DNS","166","Standard query response 0xb620 No such name A n6LAUOHr.reddshrimpandherring.com SOA a.gtld-servers.net"
"3031","15.737630","8.8.8.8","192.168.38.104","DNS","166","Standard query response 0x880a No such name A a7fKrq7b.reddshrimpandherring.com SOA a.gtld-servers.net"
"3040","15.775492","8.8.8.8","192.168.38.104","DNS","166","Standard query response 0x9b5d No such name A NLWqvffb.reddshrimpandherring.com SOA a.gtld-servers.net"
"3050","15.815855","8.8.8.8","192.168.38.104","DNS","166","Standard query response 0x6846 No such name A jA7cwYZS.reddshrimpandherring.com SOA a.gtld-servers.net"
"3057","15.857967","8.8.8.8","192.168.38.104","DNS","166","Standard query response 0x9b09 No such name A YQoNqdqR.reddshrimpandherring.com SOA a.gtld-servers.net"
"3063","15.926520","8.8.8.8","192.168.38.104","DNS","166","Standard query response 0x2219 No such name A bEJJWqvq.reddshrimpandherring.com SOA a.gtld-servers.net"
"3071","15.996228","8.8.8.8","192.168.38.104","DNS","166","Standard query response 0x735a No such name A rIrbCl8t.reddshrimpandherring.com SOA a.gtld-servers.net"
"3084","16.045574","8.8.8.8","192.168.38.104","DNS","166","Standard query response 0x85cb No such name A 2VPCMWzB.reddshrimpandherring.com SOA a.gtld-servers.net"
"3091","16.080105","8.8.8.8","192.168.38.104","DNS","166","Standard query response 0xb95c No such name A vH/vJiy2.reddshrimpandherring.com SOA a.gtld-servers.net"
"3099","16.125166","8.8.8.8","192.168.38.104","DNS","166","Standard query response 0xd0cb No such name A e8bxxZ92.reddshrimpandherring.com SOA a.gtld-servers.net"
"3112","16.219010","8.8.8.8","192.168.38.104","DNS","166","Standard query response 0x05a3 No such name A Sk7RnT+D.reddshrimpandherring.com SOA a.gtld-servers.net"
"3121","16.286578","8.8.8.8","192.168.38.104","DNS","166","Standard query response 0xfeb0 No such name A CeBXXXFy.reddshrimpandherring.com SOA a.gtld-servers.net"
"3134","16.381807","8.8.8.8","192.168.38.104","DNS","166","Standard query response 0x3263 No such name A 2Gu7zRXL.reddshrimpandherring.com SOA a.gtld-servers.net"
"3143","16.455193","18.217.1.57","192.168.38.104","DNS","166","Standard query response 0x99dd No such name A ZnR3X2Rl.reddshrimpandherring.com SOA a.gtld-servers.net"
"3159","16.600383","8.8.8.8","192.168.38.104","DNS","166","Standard query response 0x9d9d No such name A vQ6gMW/g.reddshrimpandherring.com SOA a.gtld-servers.net"
"3171","16.638055","8.8.8.8","192.168.38.104","DNS","166","Standard query response 0xb4d5 No such name A q18YMnNi.reddshrimpandherring.com SOA a.gtld-servers.net"
"3178","16.681565","8.8.8.8","192.168.38.104","DNS","166","Standard query response 0x65f4 No such name A N9teS0Ov.reddshrimpandherring.com SOA a.gtld-servers.net"
"3194","16.778173","8.8.8.8","192.168.38.104","DNS","166","Standard query response 0x629a No such name A FbzJBzzB.reddshrimpandherring.com SOA a.gtld-servers.net"
"3201","16.812957","8.8.8.8","192.168.38.104","DNS","166","Standard query response 0x3bad No such name A SmDzvZ71.reddshrimpandherring.com SOA a.gtld-servers.net"
"3209","16.905728","8.8.8.8","192.168.38.104","DNS","166","Standard query response 0x48e0 No such name A PFD94NTp.reddshrimpandherring.com SOA a.gtld-servers.net"
"3222","16.970396","8.8.8.8","192.168.38.104","DNS","166","Standard query response 0x82b6 No such name A /ye5yTrK.reddshrimpandherring.com SOA a.gtld-servers.net"
"3229","17.007835","8.8.8.8","192.168.38.104","DNS","166","Standard query response 0x53ad No such name A EwV0JaDu.reddshrimpandherring.com SOA a.gtld-servers.net"
"3244","17.103277","8.8.8.8","192.168.38.104","DNS","166","Standard query response 0x032f No such name A N5SEeqoS.reddshrimpandherring.com SOA a.gtld-servers.net"
"3251","17.137507","8.8.8.8","192.168.38.104","DNS","166","Standard query response 0xb240 No such name A aKMnpRkB.reddshrimpandherring.com SOA a.gtld-servers.net"
"3259","17.201309","8.8.8.8","192.168.38.104","DNS","166","Standard query response 0xec44 No such name A ttR69hjV.reddshrimpandherring.com SOA a.gtld-servers.net"
"3272","17.267757","8.8.8.8","192.168.38.104","DNS","166","Standard query response 0x87aa No such name A fvMGQY0s.reddshrimpandherring.com SOA a.gtld-servers.net"
"3279","17.305261","8.8.8.8","192.168.38.104","DNS","166","Standard query response 0x8fd9 No such name A tTTnvTin.reddshrimpandherring.com SOA a.gtld-servers.net"
"3294","17.374323","8.8.8.8","192.168.38.104","DNS","166","Standard query response 0x1835 No such name A SO4JxvAC.reddshrimpandherring.com SOA a.gtld-servers.net"
"3300","17.413514","8.8.8.8","192.168.38.104","DNS","166","Standard query response 0xcb3e No such name A rAlDx9m7.reddshrimpandherring.com SOA a.gtld-servers.net"
"3307","17.447719","8.8.8.8","192.168.38.104","DNS","166","Standard query response 0xc7ee No such name A fMHx7/PX.reddshrimpandherring.com SOA a.gtld-servers.net"
"3314","17.502402","8.8.8.8","192.168.38.104","DNS","166","Standard query response 0xeeed No such name A yF3zkFuG.reddshrimpandherring.com SOA a.gtld-servers.net"
"3325","17.581963","8.8.8.8","192.168.38.104","DNS","166","Standard query response 0x2462 No such name A UFq4pqcs.reddshrimpandherring.com SOA a.gtld-servers.net"
"3339","17.675878","8.8.8.8","192.168.38.104","DNS","166","Standard query response 0xd790 No such name A qmHFH7Ox.reddshrimpandherring.com SOA a.gtld-servers.net"
"3352","17.733918","8.8.8.8","192.168.38.104","DNS","166","Standard query response 0xb0cd No such name A aHARNwGW.reddshrimpandherring.com SOA a.gtld-servers.net"
"3361","17.802823","8.8.8.8","192.168.38.104","DNS","166","Standard query response 0x861e No such name A a817nStX.reddshrimpandherring.com SOA a.gtld-servers.net"
"3374","17.868760","8.8.8.8","192.168.38.104","DNS","166","Standard query response 0x2969 No such name A g9olPnyg.reddshrimpandherring.com SOA a.gtld-servers.net"
"3381","17.915561","8.8.8.8","192.168.38.104","DNS","166","Standard query response 0xbaa4 No such name A PeOZIsZ8.reddshrimpandherring.com SOA a.gtld-servers.net"
"3391","17.979550","8.8.8.8","192.168.38.104","DNS","166","Standard query response 0x17d3 No such name A pDt02i0L.reddshrimpandherring.com SOA a.gtld-servers.net"
"3402","18.044280","8.8.8.8","192.168.38.104","DNS","166","Standard query response 0x3728 No such name A JnZqfeEB.reddshrimpandherring.com SOA a.gtld-servers.net"
"3411","18.146153","8.8.8.8","192.168.38.104","DNS","166","Standard query response 0x8ef5 No such name A LC5AR00m.reddshrimpandherring.com SOA a.gtld-servers.net"
"3424","18.216409","8.8.8.8","192.168.38.104","DNS","166","Standard query response 0xa0ce No such name A 5ga9YWjo.reddshrimpandherring.com SOA a.gtld-servers.net"
"3433","18.288746","18.217.1.57","192.168.38.104","DNS","166","Standard query response 0x16f6 No such name A YWRiZWVm.reddshrimpandherring.com SOA a.gtld-servers.net"
"3448","18.434762","8.8.8.8","192.168.38.104","DNS","166","Standard query response 0x0c77 No such name A T1Fqpwju.reddshrimpandherring.com SOA a.gtld-servers.net"
"3455","18.469390","8.8.8.8","192.168.38.104","DNS","166","Standard query response 0xa945 No such name A qpvqibHM.reddshrimpandherring.com SOA a.gtld-servers.net"
"3468","18.514701","8.8.8.8","192.168.38.104","DNS","166","Standard query response 0x1d17 No such name A jm+OqSx7.reddshrimpandherring.com SOA a.gtld-servers.net"
"3477","18.580639","8.8.8.8","192.168.38.104","DNS","166","Standard query response 0x8a91 No such name A V0XjJNSR.reddshrimpandherring.com SOA a.gtld-servers.net"
"3486","18.614343","8.8.8.8","192.168.38.104","DNS","166","Standard query response 0x68cf No such name A hRnW+JSQ.reddshrimpandherring.com SOA a.gtld-servers.net"
"3496","18.655585","8.8.8.8","192.168.38.104","DNS","166","Standard query response 0xc43b No such name A 5gvgR+3U.reddshrimpandherring.com SOA a.gtld-servers.net"
"3539","18.761905","8.8.8.8","192.168.38.104","DNS","166","Standard query response 0xf2ca No such name A vdGM6BgJ.reddshrimpandherring.com SOA a.gtld-servers.net"
"3564","18.863243","8.8.8.8","192.168.38.104","DNS","166","Standard query response 0xce83 No such name A 8SHMsy3c.reddshrimpandherring.com SOA a.gtld-servers.net"
"3572","18.901027","8.8.8.8","192.168.38.104","DNS","166","Standard query response 0xdedc No such name A LKMt6CLM.reddshrimpandherring.com SOA a.gtld-servers.net"
"3585","18.935355","8.8.8.8","192.168.38.104","DNS","166","Standard query response 0xec07 No such name A EYysecBH.reddshrimpandherring.com SOA a.gtld-servers.net"
"3591","18.972454","8.8.8.8","192.168.38.104","DNS","166","Standard query response 0xbff0 No such name A tpesAYtj.reddshrimpandherring.com SOA a.gtld-servers.net"
"3598","19.016608","8.8.8.8","192.168.38.104","DNS","166","Standard query response 0xa10b No such name A Q1L7fBbd.reddshrimpandherring.com SOA a.gtld-servers.net"
"3606","19.066713","8.8.8.8","192.168.38.104","DNS","166","Standard query response 0x9b71 No such name A ODQ0m9DK.reddshrimpandherring.com SOA a.gtld-servers.net"
"3619","19.105037","8.8.8.8","192.168.38.104","DNS","166","Standard query response 0xd87d No such name A iX+Zn2Gq.reddshrimpandherring.com SOA a.gtld-servers.net"
"3626","19.180893","8.8.8.8","192.168.38.104","DNS","166","Standard query response 0xb8ec No such name A JUKUkUYn.reddshrimpandherring.com SOA a.gtld-servers.net"
"3634","19.216170","8.8.8.8","192.168.38.104","DNS","166","Standard query response 0x750f No such name A eWUnpoWH.reddshrimpandherring.com SOA a.gtld-servers.net"
"3647","19.306800","8.8.8.8","192.168.38.104","DNS","166","Standard query response 0x9138 No such name A Zf688UTz.reddshrimpandherring.com SOA a.gtld-servers.net"
"3654","19.341342","8.8.8.8","192.168.38.104","DNS","166","Standard query response 0xad23 No such name A uFH0VpwO.reddshrimpandherring.com SOA a.gtld-servers.net"
"3669","19.407651","8.8.8.8","192.168.38.104","DNS","166","Standard query response 0x2aa6 No such name A bJS/rrk1.reddshrimpandherring.com SOA a.gtld-servers.net"
"3738","19.500428","8.8.8.8","192.168.38.104","DNS","166","Standard query response 0xa25a No such name A YQuKySPc.reddshrimpandherring.com SOA a.gtld-servers.net"
"3795","19.546564","8.8.8.8","192.168.38.104","DNS","166","Standard query response 0xdda1 No such name A Vo/M+HTl.reddshrimpandherring.com SOA a.gtld-servers.net"
"3811","19.582210","8.8.8.8","192.168.38.104","DNS","166","Standard query response 0xb1b5 No such name A 7BBZdhts.reddshrimpandherring.com SOA a.gtld-servers.net"
"3836","19.677930","8.8.8.8","192.168.38.104","DNS","166","Standard query response 0x166c No such name A iN4OTru2.reddshrimpandherring.com SOA a.gtld-servers.net"
"3844","19.712708","8.8.8.8","192.168.38.104","DNS","166","Standard query response 0xe6be No such name A GoUf559H.reddshrimpandherring.com SOA a.gtld-servers.net"
"3857","19.749356","8.8.8.8","192.168.38.104","DNS","166","Standard query response 0xb1c3 No such name A zEBnIu8y.reddshrimpandherring.com SOA a.gtld-servers.net"
"3863","19.784317","8.8.8.8","192.168.38.104","DNS","166","Standard query response 0x39df No such name A 5ShcZekS.reddshrimpandherring.com SOA a.gtld-servers.net"
"3870","19.830926","8.8.8.8","192.168.38.104","DNS","166","Standard query response 0x8a63 No such name A M6XVMW0N.reddshrimpandherring.com SOA a.gtld-servers.net"
"3878","19.875715","8.8.8.8","192.168.38.104","DNS","166","Standard query response 0x8c99 No such name A DqAPj5pX.reddshrimpandherring.com SOA a.gtld-servers.net"
"3891","19.920544","8.8.8.8","192.168.38.104","DNS","166","Standard query response 0x911f No such name A 6iKi0zDD.reddshrimpandherring.com SOA a.gtld-servers.net"
"3898","19.990806","8.8.8.8","192.168.38.104","DNS","166","Standard query response 0xeff8 No such name A x5KkdeHb.reddshrimpandherring.com SOA a.gtld-servers.net"
"3913","20.057784","8.8.8.8","192.168.38.104","DNS","166","Standard query response 0xfea1 No such name A 9z6F1Kjc.reddshrimpandherring.com SOA a.gtld-servers.net"
"3931","20.125912","8.8.8.8","192.168.38.104","DNS","166","Standard query response 0x30c2 No such name A NoqVsSW2.reddshrimpandherring.com SOA a.gtld-servers.net"
"3942","20.168778","8.8.8.8","192.168.38.104","DNS","166","Standard query response 0xa0b6 No such name A NLjPcplu.reddshrimpandherring.com SOA a.gtld-servers.net"
"3956","20.206379","8.8.8.8","192.168.38.104","DNS","166","Standard query response 0x9b27 No such name A v/Wnu7vs.reddshrimpandherring.com SOA a.gtld-servers.net"
"3963","20.243205","8.8.8.8","192.168.38.104","DNS","166","Standard query response 0xb5a6 No such name A QZ7XVpoz.reddshrimpandherring.com SOA a.gtld-servers.net"
"3972","20.316608","18.217.1.57","192.168.38.104","DNS","162","Standard query response 0xbe68 No such name A fQ==.reddshrimpandherring.com SOA a.gtld-servers.net"
"3986","20.432334","8.8.8.8","192.168.38.104","DNS","166","Standard query response 0x2935 No such name A vT6zzM2J.reddshrimpandherring.com SOA a.gtld-servers.net"
"3992","20.466236","8.8.8.8","192.168.38.104","DNS","166","Standard query response 0xb935 No such name A yXzo0cCL.reddshrimpandherring.com SOA a.gtld-servers.net"
"4000","20.500213","8.8.8.8","192.168.38.104","DNS","166","Standard query response 0x3b06 No such name A a+xLgs3W.reddshrimpandherring.com SOA a.gtld-servers.net"
"4013","20.533316","8.8.8.8","192.168.38.104","DNS","166","Standard query response 0xe294 No such name A Yju2a1Nt.reddshrimpandherring.com SOA a.gtld-servers.net"
"4020","20.634526","8.8.8.8","192.168.38.104","DNS","166","Standard query response 0xd418 No such name A wLVUgWou.reddshrimpandherring.com SOA a.gtld-servers.net"
"4028","20.679154","8.8.8.8","192.168.38.104","DNS","166","Standard query response 0x6945 No such name A lvqrjuAa.reddshrimpandherring.com SOA a.gtld-servers.net"
"4041","20.713073","8.8.8.8","192.168.38.104","DNS","166","Standard query response 0x33c9 No such name A j5t1Lfdo.reddshrimpandherring.com SOA a.gtld-servers.net"
"4048","20.792013","8.8.8.8","192.168.38.104","DNS","166","Standard query response 0x2dba No such name A s1VHzRn6.reddshrimpandherring.com SOA a.gtld-servers.net"
"4056","20.826263","8.8.8.8","192.168.38.104","DNS","166","Standard query response 0x78d7 No such name A jM9GaAzF.reddshrimpandherring.com SOA a.gtld-servers.net"
"4069","20.896012","8.8.8.8","192.168.38.104","DNS","166","Standard query response 0x5c48 No such name A ecb6fGRc.reddshrimpandherring.com SOA a.gtld-servers.net"
"4078","20.966543","8.8.8.8","192.168.38.104","DNS","166","Standard query response 0xe2ca No such name A N+6v2HTZ.reddshrimpandherring.com SOA a.gtld-servers.net"
"4084","21.003001","8.8.8.8","192.168.38.104","DNS","166","Standard query response 0x5b58 No such name A +sorXMfa.reddshrimpandherring.com SOA a.gtld-servers.net"
"4097","21.042826","8.8.8.8","192.168.38.104","DNS","166","Standard query response 0xa10f No such name A 5FALrYGV.reddshrimpandherring.com SOA a.gtld-servers.net"
"4106","21.137843","8.8.8.8","192.168.38.104","DNS","166","Standard query response 0xaf59 No such name A eu71Cs0V.reddshrimpandherring.com SOA a.gtld-servers.net"
"4119","21.171643","8.8.8.8","192.168.38.104","DNS","166","Standard query response 0x28c7 No such name A dxr+G/kl.reddshrimpandherring.com SOA a.gtld-servers.net"
"4126","21.237469","8.8.8.8","192.168.38.104","DNS","166","Standard query response 0xef10 No such name A 0gHMI0EI.reddshrimpandherring.com SOA a.gtld-servers.net"
"4134","21.301785","8.8.8.8","192.168.38.104","DNS","166","Standard query response 0x40d4 No such name A 4n+wg52s.reddshrimpandherring.com SOA a.gtld-servers.net"
"4148","21.393798","8.8.8.8","192.168.38.104","DNS","166","Standard query response 0x8c15 No such name A 9bgMWa5Z.reddshrimpandherring.com SOA a.gtld-servers.net"
"4154","21.431696","8.8.8.8","192.168.38.104","DNS","166","Standard query response 0x551d No such name A bh2L8TFp.reddshrimpandherring.com SOA a.gtld-servers.net"
"4168","21.508338","8.8.8.8","192.168.38.104","DNS","166","Standard query response 0x4fc4 No such name A 6YyOean+.reddshrimpandherring.com SOA a.gtld-servers.net"
"4175","21.546062","8.8.8.8","192.168.38.104","DNS","166","Standard query response 0x2203 No such name A Ften8lLo.reddshrimpandherring.com SOA a.gtld-servers.net"
"4182","21.590010","8.8.8.8","192.168.38.104","DNS","166","Standard query response 0x4f9c No such name A 2CscKL+3.reddshrimpandherring.com SOA a.gtld-servers.net"
"4190","21.633731","8.8.8.8","192.168.38.104","DNS","166","Standard query response 0x0f08 No such name A L/5yYuuf.reddshrimpandherring.com SOA a.gtld-servers.net"
"4196","21.667742","8.8.8.8","192.168.38.104","DNS","166","Standard query response 0x0472 No such name A H5RvSugA.reddshrimpandherring.com SOA a.gtld-servers.net"
"4209","21.711531","8.8.8.8","192.168.38.104","DNS","166","Standard query response 0x9fab No such name A YdfbP1UZ.reddshrimpandherring.com SOA a.gtld-servers.net"
"4216","21.751329","8.8.8.8","192.168.38.104","DNS","166","Standard query response 0xe3bf No such name A I4U/5r2f.reddshrimpandherring.com SOA a.gtld-servers.net"
"4222","21.792169","8.8.8.8","192.168.38.104","DNS","166","Standard query response 0x7536 No such name A 1X/s/2vy.reddshrimpandherring.com SOA a.gtld-servers.net"
"4230","21.837197","8.8.8.8","192.168.38.104","DNS","166","Standard query response 0x03ec No such name A O+PFxqfF.reddshrimpandherring.com SOA a.gtld-servers.net"
"4243","21.873217","8.8.8.8","192.168.38.104","DNS","166","Standard query response 0x2a34 No such name A Ju4eCL8V.reddshrimpandherring.com SOA a.gtld-servers.net"
"4250","21.940445","8.8.8.8","192.168.38.104","DNS","166","Standard query response 0xeaeb No such name A JBfOkBIE.reddshrimpandherring.com SOA a.gtld-servers.net"
"4258","22.008732","8.8.8.8","192.168.38.104","DNS","166","Standard query response 0x9b8c No such name A 0bLbK94Z.reddshrimpandherring.com SOA a.gtld-servers.net"
"4271","22.045435","8.8.8.8","192.168.38.104","DNS","166","Standard query response 0x0815 No such name A tEWQ8ZAi.reddshrimpandherring.com SOA a.gtld-servers.net"
"4278","22.086008","8.8.8.8","192.168.38.104","DNS","166","Standard query response 0xbe9c No such name A JBQmApX7.reddshrimpandherring.com SOA a.gtld-servers.net"
"4284","22.130669","8.8.8.8","192.168.38.104","DNS","166","Standard query response 0x37d0 No such name A GQ3caS/1.reddshrimpandherring.com SOA a.gtld-servers.net"
"4299","22.201187","8.8.8.8","192.168.38.104","DNS","166","Standard query response 0xc6da No such name A Yz2l3aBW.reddshrimpandherring.com SOA a.gtld-servers.net"
"4306","22.271432","8.8.8.8","192.168.38.104","DNS","166","Standard query response 0xe15b No such name A xA3F0VZ8.reddshrimpandherring.com SOA a.gtld-servers.net"
"4314","22.339802","8.8.8.8","192.168.38.104","DNS","166","Standard query response 0xea1f No such name A l7hTDJh3.reddshrimpandherring.com SOA a.gtld-servers.net"
"4327","22.405430","8.8.8.8","192.168.38.104","DNS","166","Standard query response 0x906e No such name A BN9PyNZN.reddshrimpandherring.com SOA a.gtld-servers.net"
"4356","22.450908","8.8.8.8","192.168.38.104","DNS","166","Standard query response 0xace9 No such name A M9QZU6eP.reddshrimpandherring.com SOA a.gtld-servers.net"
"4364","22.532034","18.217.1.57","192.168.38.104","DNS","162","Standard query response 0xa740 No such name A fQ==.reddshrimpandherring.com SOA a.gtld-servers.net"
